{"cameraMode":{"drawMode":0,"name":"Shaded","section":"Shading Mode"},"sceneLighting":true,"audioPlay":false,"sceneViewState":{"showFog":true,"showMaterialUpdate":false,"showSkybox":true,"showFlares":true,"showImageEffects":true,"showParticleSystems":true},"in2DMode":false,"pivot":{"x":-4.455532073974609,"y":0.7369999885559082,"z":0.31840527057647707},"rotation":{"x":-0.3739704489707947,"y":-0.45310643315315249,"z":0.21735194325447083,"w":-0.7795010209083557},"size":0.9358967542648315,"orthographic":false}