{"cameraMode":{"drawMode":0,"name":"Shaded","section":"Shading Mode"},"sceneLighting":true,"audioPlay":false,"sceneViewState":{"showFog":true,"showMaterialUpdate":false,"showSkybox":true,"showFlares":true,"showImageEffects":true,"showParticleSystems":true},"in2DMode":false,"pivot":{"x":6.158464431762695,"y":2.946861743927002,"z":4.853180885314941},"rotation":{"x":0.2472098171710968,"y":-0.6961196064949036,"z":0.6127851009368897,"w":0.28085777163505556},"size":4.341860294342041,"orthographic":false}