{"cameraMode":{"drawMode":0,"name":"Shaded","section":"Shading Mode"},"sceneLighting":false,"audioPlay":false,"sceneViewState":{"showFog":true,"showMaterialUpdate":true,"showSkybox":false,"showFlares":true,"showImageEffects":true,"showParticleSystems":true},"in2DMode":false,"pivot":{"x":1.839603066444397,"y":1.2576457262039185,"z":2.638402223587036},"rotation":{"x":-0.13225817680358888,"y":0.46365880966186526,"z":-0.07022209465503693,"w":-0.8732686042785645},"size":3.7689931392669679,"orthographic":false}