{"cameraMode":{"drawMode":0,"name":"Shaded","section":"Shading Mode"},"sceneLighting":true,"audioPlay":false,"sceneViewState":{"showFog":true,"showMaterialUpdate":false,"showSkybox":true,"showFlares":true,"showImageEffects":true,"showParticleSystems":true},"in2DMode":false,"pivot":{"x":255.24417114257813,"y":1067.950439453125,"z":196.96661376953126},"rotation":{"x":-0.23432980477809907,"y":0.6797774434089661,"z":-0.2450421303510666,"w":-0.6503906846046448},"size":49.99753952026367,"orthographic":false}