{"cameraMode":{"drawMode":0,"name":"Shaded","section":"Shading Mode"},"sceneLighting":true,"audioPlay":false,"sceneViewState":{"showFog":true,"showMaterialUpdate":false,"showSkybox":false,"showFlares":true,"showImageEffects":true,"showParticleSystems":true},"in2DMode":false,"pivot":{"x":1.6532151699066163,"y":0.2194642275571823,"z":-1.9557628631591797},"rotation":{"x":0.037952080368995669,"y":0.8968870639801025,"z":-0.07850654423236847,"w":0.4335789680480957},"size":4.824745178222656,"orthographic":false}