{"cameraMode":{"drawMode":0,"name":"Shaded","section":"Shading Mode"},"sceneLighting":true,"audioPlay":false,"sceneViewState":{"showFog":true,"showMaterialUpdate":false,"showSkybox":true,"showFlares":true,"showImageEffects":true,"showParticleSystems":true},"in2DMode":false,"pivot":{"x":4.7519307136535648,"y":1.9551429748535157,"z":0.9909084439277649},"rotation":{"x":0.011063726618885994,"y":0.9882913827896118,"z":-0.08800186216831207,"w":0.12430007755756378},"size":1.0307763814926148,"orthographic":false}