{"cameraMode":{"drawMode":0,"name":"Shaded","section":"Shading Mode"},"sceneLighting":false,"audioPlay":false,"sceneViewState":{"showFog":true,"showMaterialUpdate":false,"showSkybox":false,"showFlares":true,"showImageEffects":true,"showParticleSystems":true},"in2DMode":false,"pivot":{"x":-0.6750187277793884,"y":6.170125484466553,"z":-1.4853904247283936},"rotation":{"x":-0.1673126071691513,"y":-0.39276713132858279,"z":0.07241185009479523,"w":-0.9015373587608337},"size":6.979137897491455,"orthographic":false}