{"cameraMode":{"drawMode":0,"name":"Shaded","section":"Shading Mode"},"sceneLighting":true,"audioPlay":false,"sceneViewState":{"showFog":true,"showMaterialUpdate":false,"showSkybox":true,"showFlares":true,"showImageEffects":true,"showParticleSystems":true},"in2DMode":false,"pivot":{"x":-0.1258794069290161,"y":1.8645532131195069,"z":2.3008322715759279},"rotation":{"x":-0.0014231912791728974,"y":0.996857225894928,"z":-0.018253393471240999,"w":-0.07729576528072357},"size":1.0307763814926148,"orthographic":false}