{"cameraMode":{"drawMode":0,"name":"Shaded","section":"Shading Mode"},"sceneLighting":true,"audioPlay":false,"sceneViewState":{"showFog":true,"showMaterialUpdate":false,"showSkybox":false,"showFlares":true,"showImageEffects":true,"showParticleSystems":true},"in2DMode":false,"pivot":{"x":-4.104297161102295,"y":1.7574414014816285,"z":0.6968904733657837},"rotation":{"x":0.13673333823680879,"y":0.6961685419082642,"z":-0.1377267837524414,"w":0.6911813020706177},"size":0.8660253882408142,"orthographic":false}