{"cameraMode":{"drawMode":0,"name":"Shaded","section":"Shading Mode"},"sceneLighting":true,"audioPlay":false,"sceneViewState":{"showFog":true,"showMaterialUpdate":false,"showSkybox":false,"showFlares":true,"showImageEffects":true,"showParticleSystems":true},"in2DMode":false,"pivot":{"x":1.932168960571289,"y":0.2295496016740799,"z":0.283244788646698},"rotation":{"x":-0.02456376701593399,"y":0.9115734696388245,"z":-0.05504098907113075,"w":-0.4067530632019043},"size":0.8660253882408142,"orthographic":false}