{"cameraMode":{"drawMode":0,"name":"Shaded","section":"Shading Mode"},"sceneLighting":false,"audioPlay":false,"sceneViewState":{"showFog":true,"showMaterialUpdate":false,"showSkybox":false,"showFlares":true,"showImageEffects":true,"showParticleSystems":true},"in2DMode":false,"pivot":{"x":2.849655866622925,"y":5.384962558746338,"z":-1.068293571472168},"rotation":{"x":-0.17088189721107484,"y":-0.11340902745723725,"z":0.01935729943215847,"w":-0.9786905646324158},"size":9.472625732421875,"orthographic":false}