{"cameraMode":{"drawMode":0,"name":"Shaded","section":"Shading Mode"},"sceneLighting":true,"audioPlay":false,"sceneViewState":{"showFog":true,"showMaterialUpdate":false,"showSkybox":true,"showFlares":true,"showImageEffects":true,"showParticleSystems":true},"in2DMode":false,"pivot":{"x":0.5002267360687256,"y":0.6605438590049744,"z":-1.6655373573303223},"rotation":{"x":0.21971073746681214,"y":0.5477209091186523,"z":-0.15177372097969056,"w":0.7929340600967407},"size":1.3697187900543213,"orthographic":false}