{"cameraMode":{"drawMode":0,"name":"Shaded","section":"Shading Mode"},"sceneLighting":true,"audioPlay":false,"sceneViewState":{"showFog":true,"showMaterialUpdate":false,"showSkybox":false,"showFlares":true,"showImageEffects":true,"showParticleSystems":true},"in2DMode":false,"pivot":{"x":-4.750344276428223,"y":0.7107524275779724,"z":-2.7176525592803957},"rotation":{"x":0.05733833461999893,"y":0.6067855954170227,"z":-0.04395442456007004,"w":0.7916052341461182},"size":0.8660253882408142,"orthographic":false}