{"cameraMode":{"drawMode":0,"name":"Shaded","section":"Shading Mode"},"sceneLighting":true,"audioPlay":false,"sceneViewState":{"showFog":true,"showMaterialUpdate":false,"showSkybox":false,"showFlares":true,"showImageEffects":true,"showParticleSystems":true},"in2DMode":false,"pivot":{"x":-0.5369371771812439,"y":0.7571210265159607,"z":0.5048825740814209},"rotation":{"x":0.11566420644521713,"y":-0.747191846370697,"z":0.13513395190238954,"w":0.6405077576637268},"size":16.958812713623048,"orthographic":false}