{"cameraMode":{"drawMode":0,"name":"Shaded","section":"Shading Mode"},"sceneLighting":true,"audioPlay":false,"sceneViewState":{"showFog":true,"showMaterialUpdate":false,"showSkybox":true,"showFlares":true,"showImageEffects":true,"showParticleSystems":true},"in2DMode":false,"pivot":{"x":198.1728515625,"y":920.8831787109375,"z":270.9630126953125},"rotation":{"x":0.23789072036743165,"y":0.7620209455490112,"z":-0.43258213996887209,"w":0.41907352209091189},"size":377.7644958496094,"orthographic":false}