{"cameraMode":{"drawMode":0,"name":"Shaded","section":"Shading Mode"},"sceneLighting":false,"audioPlay":false,"sceneViewState":{"showFog":true,"showMaterialUpdate":false,"showSkybox":false,"showFlares":true,"showImageEffects":true,"showParticleSystems":true},"in2DMode":false,"pivot":{"x":-0.9911302328109741,"y":1.2654932737350464,"z":-0.6719107031822205},"rotation":{"x":0.025971271097660066,"y":0.9382052421569824,"z":-0.07220625877380371,"w":0.3374844789505005},"size":4.493043422698975,"orthographic":false}