{"cameraMode":{"drawMode":0,"name":"Shaded","section":"Shading Mode"},"sceneLighting":true,"audioPlay":false,"sceneViewState":{"showFog":true,"showMaterialUpdate":false,"showSkybox":true,"showFlares":true,"showImageEffects":true,"showParticleSystems":true},"in2DMode":false,"pivot":{"x":0.38604736328125,"y":2.4251708984375,"z":2.36704683303833},"rotation":{"x":0.016379138454794885,"y":0.2245362251996994,"z":-0.003776965197175741,"w":0.9743353724479675},"size":3.9850096702575685,"orthographic":false}