{"cameraMode":{"drawMode":0,"name":"Shaded","section":"Shading Mode"},"sceneLighting":true,"audioPlay":false,"sceneViewState":{"showFog":true,"showMaterialUpdate":false,"showSkybox":true,"showFlares":true,"showImageEffects":true,"showParticleSystems":true},"in2DMode":false,"pivot":{"x":0.19563043117523194,"y":2.6927192211151125,"z":-0.6203190088272095},"rotation":{"x":0.03378617763519287,"y":0.8417094349861145,"z":-0.05312683433294296,"w":0.5363109111785889},"size":1.7702436447143555,"orthographic":false}